592249106,15347304488,135561007,5,"Best Feature:good texture Value For Money:worth it Product Quality:good  Thank you for the good quality item, fast delivery, and nice design. I love it. Will definitely order soon."
592249106,15347304488,726457166,5,Best Feature:The Bigger The Better ü§© Product Quality:very good Value For Money:Sulit  The bigger the better! Recommended to sa mga budget players like me hehe Fast Deliver Pa! Within 2 days na recieved ko na. Will order again Thank you seller tama yung item hahaha
592249106,15347304488,376926573,5,Best Feature:Design Value For Money:Good Product Quality:Good  Okay naman yung mga mouse pad na mahaba at malapag..Maganda ang mga designed at matibay ang pagkakatahi ng mouse pad.
592249106,15347304488,318316628,5,Product Quality:ok kaayo Best Feature:malapad pala akala ko maliit lang at maiksi Value For Money:100% legit  Nindot kaayo siya kay dako ug lapad sa personal. May lapad at haba na 35.3 in x 11.8 in.
592249106,15347304488,436183609,5,Best Feature:the item itself Value For Money:very nice Product Quality:excellent  Excellent product quality napakaganda item shipped immediately legit na legit dito na kayo umorder makapal and mabait si seller Salamat Shopee üëçüèªüòä‚ù§Ô∏è
592249106,15347304488,130679123,5,Best Feature:Super nice color and details Product Quality:Solid sobra! Value For Money:Worth the price  Grabeh naman to sobrang solid nang kulay at detalye  ng mouse pad nato at yung mouse ganda pang gaming .
592249106,15347304488,49765640,5,Product Quality:10/10 Value For Money:10/10 Best Feature:10/10  Ganda ng deskpod.. cool!.. quality.. sakto sa pera ung price.. bilis din ma ship!.. legit seller !.. nkaka satisfied... Sobrang safe pa ng item sa wrap!.. thanks sa seller.. 5star ka saken!
592249106,15347304488,761452561,5,Product Quality:Perfect Value For Money:Worthfit Best Feature:Quailty  Salamat.. Saktong sakto. Mabilis dn deliver dito sa mindanao. maasahan talaga mga comment. di na scam. Thanks very much sellerüëç
592249106,15347304488,281294278,5,"Value For Money:Sobrang mura, 1/4 lang ng price ng mabibili sa mall (shipping included) Product Quality:Excellent Best Feature:Maraming designs na pagpipilian.  Maganda ang quality, malinis ang print at makinis ang material. Walang deformity like folds or tastas at hindi matapang ang amoy unlike nung mga nabibili sa mall na humahawa sa kamay yung amoy ng rubber kapag bago pa."
592249106,15347304488,24118298,5,Product Quality:Good Value For Money:Right Best Feature:Design and Size  Just the right cool design I wanted. I also like the size and textureThe delivery was good too.Thanks
592249106,15347304488,119921130,5,"Best Feature:measures 3mm in thickness uses superior quality micro-weave cloth with water resistant. Value For Money:something affordable quality. Product Quality:durable and long lasting,high quality.  If you buy something ask yourself.If you need it.If you don't,Then don't buy it.Its as simple as that buying something just because it's on sale or because you saw someone else with it is not a good reason to purchase an item.When you have an urge to buy something,try not to give into temptation until after you,ve weighed out all of your options."
592249106,15347304488,304130009,5,"Value For Money:Best Product Quality:10/10 Best Feature:Big  Thank you very much seller, I will definitely order again because the quality is good, well packaged and most of all cheap."
592249106,15347304488,253867888,5,"Value For Money:Super Sukit Best Feature:Smooth Texture Product Quality:High Quality  Thank you seller, angas na ng mouse pad ko, yung luma ko kasi plain lang kaya mas goods 'to kasi may design."
592249106,15347304488,209982233,5,Best Feature:Size and texture Value For Money:Yes Product Quality:Good  Perfect size to cover both keyboard and mouse. Smooth texture is great for mouse movement. Rubber back keeps it in place. This is quite value for money and I'm loving it
592249106,15347304488,90538241,5,"Best Feature:Good Value For Money:Good Product Quality:Good  Ambilis lang dumating ng deliver, bigger sa personal. Will order again . Maraming design to choose from. Salamat"
592249106,15347304488,307444380,5,Best Feature:matibay ang material Product Quality:excellent. Value For Money:sulit para sa price  Correct order at well packaged.  Willl recommend and will order again kapag may nagustuhang design.  Thank you sa seller at sa rider na nag deliver.
592249106,15347304488,122379254,5,Best Feature:üíØ Product Quality:üíØüíØüíØ Value For Money:üíØ  ITO NA ANG SIGN PARA BUMILI KA!  BUY NA KAIBIGAN. Maganda at bagay sa working table. Napaka astig tuloy tingnan.
592249106,15347304488,752650457,5,"Best Feature:Very fast delivery / the material is excellent Value For Money:10 over 10 Product Quality:10 over 10  Thank you seller for the nice product, since hindi naman ako maselan I really like the logo of MSI, I'm really happy on the product I'm gonna order again on other design and will recommend it to my friends again thank you so much seller more  power and God bless po...."
592249106,15347304488,971796220,5,Best Feature:Nice is so cool Value For Money:nice Product Quality:very good quality!!!!  I though na madumi sya.....Di pala design pala yunnn aa kala ko naman madumi btw ang ayos tingnan thats all thankss!!
592249106,15347304488,453793506,5,Product Quality:Solid Value For Money:Sulit Best Feature:Printing  Ganda ng pagka print niya at makapal quality. Di ko inexpect na sa murang price ay ganito siya ka pulido. Salamat seller! Will definitely recommend and oder again from this shop
592249106,15347304488,499938140,4,Product Quality:all products are in good condition and working well Value For Money:suits the price Best Feature:the color quality is üî•  overall i like the thickness and the picture quality
592249106,15347304488,756434111,5,Good quality and fast delivery. Super Ganda pa üíï will definitely order again. Thank you seller and thank you din for the freebies super cute.
592249106,15347304488,190950470,5,Very nice. It's thick and doesn't lump. Very comfortable to use and the design is so beautiful not to mention it's very cheap compared to the malls. Salamat seller and shoppe
592249106,15347304488,82170581,5,"Product Quality:superb Best Feature:3d like Value For Money:yes  thank you seller, this is my 2nd order to you, thank you sa magandang product, keep it up. nextime ulit. kapag subrang kupas na. thank you for fast shipping."
592249106,15347304488,122519691,5,"Best Feature:‚≠ê‚≠ê‚≠ê‚≠ê‚≠ê Value For Money:‚≠ê‚≠ê‚≠ê‚≠ê‚≠ê Product Quality:‚≠ê‚≠ê‚≠ê‚≠ê‚≠ê  Pusa kinuha ko para anti-stress kapag naiinis na ko sa kausap ko. Maganda naman at walang damage, Sulit na sulit para sa price nya. ü§ô"
592249106,15347304488,93827910,5,Great buy! Cutie size pang girl Legit silent mouse sya all goods working sya mbilis din ma connect tho local sya pwede na din pang laptop nsa paggamit nman kung maingat hehe thank yoe seller fast transaction Happy customer here üëåüëç
592249106,15347304488,351017315,5,"Thank you seller, my son received the parcel. He likes the extended mouse pad and he already used it. The item was shipped immediately. Thank you also to the rider.."
592249106,15347304488,93201359,5,Best Feature:10 Value For Money:10 Product Quality:10  I like it sakto sa mesa ko thanks seller and shoppee delivered agad and walang damage. Bbili ulet ako nito
592249106,15347304488,207035237,5,"Product Quality:GOOD, WELL MADE Best Feature:THICK AND NICE PRINT Value For Money:BANG FOR THE BUCK  THE PRINT OF THE DESIGN IS GOOD, THICK AND WELL MADE STITCHES, THANK YOU SELLER AND SAFE DELIVERY, VIDEO NOT RELATED"
592249106,15347304488,714802591,5,"Product Quality:the best so far Best Feature:quality Value For Money:worth na worth every penny spent  I thought it was just normal mouse pad, little did i know napaka ganda pala ng item na binili ko. The design is hyperbeast which is my favorite skin line in csgo weapon skins. 100/100 quality will buy again if you have more hyperbeast design. Worth every peso spent.  I recommend this shop to anyone reading this.  Sana meron din iba size na pagpipilian.  And the delivery rider is also friendly and easy to talk to. Thanks seller and thanks po kuya rider. Will buy again soon."
592249106,15347304488,138598700,5,Value For Money:worth it! Product Quality:very good Best Feature:nice design and size  Mabilis dn dmating. Maganda quality pati texture. Ung size sakto sa table to cover para sa keyboard at mouse. Thank you!
592249106,15347304488,25444429,5,Best Feature:very good Value For Money:worth it Product Quality:big size  Salamat bilis naman na delivery... Malaki din sya nagustuhan ko yung design simple lang. Kung anu yumg pinili ko yun ang damating kaya. Thank you
592249106,15347304488,32117239,5,"Product Quality:Great Best Feature:Comfortability Value For Money:Excellent  Product overall is of good quality, the design is great. Usability is perfect and the overall experience is good. My son loves the setup and he‚Äôs very much enjoying this."
592249106,15347304488,201242201,5,Best Feature:non sliding Product Quality:Excellent Value For Money:Suitable  The product is so good and nc smooth. The delivery is so fast i ordered it on monday and it was delivered on Tuesday.
592249106,15347304488,65192844,5,Best Feature:‚ú® Value For Money:üëå Product Quality:üíØ  .Top notch quality .Accommodating seller .Nicely packaged items  .Complete items .Correct variations .Items delivered right away .Will reorder .Thanks seller!  .More power
592249106,15347304488,30395374,5,"maganda quality tapos malaki rin sya, yung print and yung material are both good quality so sulit talaga sya for the price di ka mag regret"
592249106,15347304488,288386488,5,"Product Quality:nice quality Best Feature:very beautiful ‚ù§Ô∏è Value For Money:definitely yes  I like the product and worth it for the money I spend , I am thankful to the seller and also to the shopee."
592249106,15347304488,14272817,5,Value For Money:valueful Best Feature:maganda and cheap Product Quality:good quality  super ganda. hindi kayo magsisisi if bibili kayo. five stars all the way. BILI NA. ADD TO CART NA!
592249106,15347304488,106775892,5,No damages on parcel and item upon delivery. Material seems to made of good quality. Fast shipping process. thanks to the seller and courier partners.
592249106,15347304488,430678526,5,Best Feature:Design Value For Money:Good Product Quality:100 percent  Ok po ang item na dumatng sakin tama ang design...nka pack po ng maayos..mkapal at mganda ang design..salamt seller..shopee and courier
592249106,15347304488,262089270,5,"Very good quality and shipped to me very fast, I really recommend if you want any of the designs, Its also very big I didnt expect it to be this large haha :)"
592249106,15347304488,126021829,5,Best Feature:Clean stitching Value For Money:5/5 Product Quality:5/5  Item received earlier than expected. Clean stitching and print out of the design. Will use this at the office. Thanks seller! üëç
592249106,15347304488,487743013,5,Best Feature:smoothness Value For Money:worth it Product Quality:quality  The mousepad wass all goods. It was smooth and edges are not rough. The stitches was also good. Overall it was good.
592249106,15347304488,99469296,5,It atrives 2 days upon making my order! Responsive si seller so thumbs up kay seller! And maganda qualiry ng mat! Must buy and sulit sa price üòÅ
592249106,15347304488,204512791,5,Product Quality:Decent Best Feature:Quick delivery Value For Money:Okay  I hope this lasts because i bought a mousepad back then and it broke in a few months. Hoping  that this one lasts a bit longer
592249106,15347304488,81451310,5,"Best Feature:High Quality Print Product Quality:Excellent and Durable Value For Money:Exact  2nd Order Cats design, para sa kapatid kong bunso at nagustuhan nya. Recommended, high quality print ng mousepad. Mine is the Sea monster."
592249106,15347304488,438384784,5,Best Feature:Arrived in good quality. Binili talaga para sa FPS game. Value For Money:Mura Product Quality:Smooth naman gamitin pang fps games.  Sana lumakas yung tutok ko hahaha
592249106,15347304488,41102944,5,Best Feature:Good quality for it's price!! Value For Money:Bang for the buck!! Product Quality:Feels good to use. The mouse sensor is very responsive on this mouse pad!
592249106,15347304488,68348730,5,Value For Money:okey Product Quality:nice Best Feature:design  Mahaba sya nagustuhan nila and mabilis shipping pati delivery kahit holiday season thanks sa seller also kay jnt
592249106,15347304488,232311217,5,Value For Money:5/5 Product Quality:5/5 Best Feature:it is what it is.  Took 1 day for them to deliver. Perfect fit to replace my old one. Was wrapped in bubble wrap. The design is what i ordered. Will order again sometime in the future.
592249106,15347304488,171013597,5,Product Quality:excellent! Value For Money:I think this is more expensive if I order to other shop.  I really love this mousepad! It's long I can do move my mouse easy in wide space. Thank you for this item!
592249106,15347304488,335760211,5,"i did not expect it would be this wide, it's perfect! exceeded my expaectations and parcel arrived swiftly and on time.. im satisfied with my purchase! will sure buy another one soon :)"
592249106,15347304488,67708287,5,Value For Money:legit Best Feature:ang gandaaa Product Quality:all goods  Thank you po sobrang kapal at ganda ng mousepad worth it ang pera ko. Sana my batman dn kayo na mousepad. ü•∞ü•∞ü•∞ü§òüíï
592249106,15347304488,90899577,5,"Product Quality:good Value For Money:good Best Feature:good  Ang bilis ng shipping. Smooth sa kamay ung pad, parang umiilaw din ung print nya haha. Ang saya. Bili ako ulit next time."
592249106,15347304488,941263793,5,Best Feature:worth it Value For Money:yes Product Quality:gr8  complete orders... No damage...No missing items...all are perfect and no flaws...A super duper duper thanks to your store for shipping  my orders right and no damages...thumbs up po... for sure I will buy again n your store...GodBless po...more costumers po sa inyu... THANK YOU THANK YOU THANK YOU THANK YOU THANK YOU...
592249106,15347304488,266103172,5,Best Feature:Ganda ang itsura Value For Money:good for the price Product Quality:high  Thank you seller. Ang bilis dumating ng product tapos properly packed and sealed.
592249106,15347304488,235792488,5,Best Feature:GOOD Value For Money:worth it Product Quality:10/10  So nice...I really love it..‚ù§‚ù§‚ù§üíØ‚òëÔ∏è its a must buy to be comfy in working at home...Im goona order again and working forward for another quality items..
592249106,15347304488,349906687,5,Best Feature:d best Ang shop at seller mabilis ko na receive Ang item Value For Money:good Product Quality:good  Salamat seller at maganda Ang mga items mabilis ko na receive order Ako ulit in the future
592249106,15347304488,108189520,5,"Product Quality:excellent Best Feature:value 4 money Value For Money:excellent  Maganda ang mouse pad , galing ng quarantine este quality pala, sana magtagal, sulit ang pero dito. Salamat sa delivery guy"
592249106,15347304488,471568854,5,Product Quality:the best quality Best Feature:featuring all of your characters in the design Value For Money:super cheap for good and affordable price  The picture and video not related thank you thank you to the seller very accomplished
592249106,15347304488,442119262,3,Product Quality:good naman Value For Money:sakto lang Best Feature:di ko pa na try  Picture and video not related sa product na inorder ko dahil tinatamad na akong kumuha
592249106,15347304488,116438760,5,"Good job seller, I am happy with the secured packaging and the timing. Looking forward to.shop again to your shop. Keep it up seller give you a 5 star,"
592249106,15347304488,188323849,5,Value For Money:very good Product Quality:good quality Best Feature:design  bilis ng shipping. sobrang ganda ng item. sa murang halaga pang mamahalin ang itsura. salamat seller. sa uulitin.
592249106,15347304488,839310850,5,Value For Money:Sakto lang. Mura lang. Product Quality:Brand new. Best Feature:Smooooth  Smooth iyung galaw ng mouse. Akala ko bibili pa ako ng mouse pero itong mouse pad lang pala iyung sagot. Nice product.
592249106,15347304488,142110323,5,Value For Money:üëåüèª Product Quality:5/5 Best Feature:cheap but quality  This is a very good product I like it so much. Thanks to the sellerüôÇ I will definitely order again.ü§ó
592249106,15347304488,331930035,5,Excellent quality recieved in good packaging well pack with secured buble wrap .thank you so much seller your shop is legit and recomendable .more power to your bussiness will order again and again
592249106,15347304488,270929589,5,"Best Feature:excellent Value For Money:excellent Product Quality:excellent  Nice packaging, swak lang din Ang price sa quality Ng product. Madali lang din na eship . Thank you seller. Looking for the next transactions"
592249106,15347304488,188939230,5,Best Feature:maganda yung product worth it pagbile Value For Money:worth it Product Quality:very good  Ok yung item ang bilis iship at kudos din sa courier bilis madeliver. Nung una hesitate kala ko kasi hindi true to size pero nung dumating na natuwa yung hubby ko tyka anak ko ang gaganda. Thank you po. Will order again.
592249106,15347304488,204930571,5,Best Feature:good Value For Money:good Product Quality:good  thanks seller also sa rider dn na nag deliver maayos nakarating ang items kumpleto at walang kulang sa uulitin.
592249106,15347304488,453050764,5,Best Feature:GOOD Value For Money:QUALITY Product Quality:BEST  maganda po talaga wat u see wat u geeet ü•∞ thankyou seller ü•∞ bilis pa dumating kesa dun sa isang order ko sa i ang shop mag ka area lang 10days na kainis dat dto nlng umorder tlga hehe. WILL ORDER AGAIN üòä photo nah related soweee
592249106,15347304488,934134260,5,"Product Quality:10 Best Feature:10 Value For Money:10  Package arrived today and in good condition and well packed as expected. The item is brand new and intact. I'm using it right now and i'm so satisfied about this item. Soft, Flexible and Stable, comfortable to use with my Philips Mouse too (hehehe). Thanks Seller, Shopee and to the Delivery Guy too. 5 STARS for this and probably will order again. Shop is highly recommended. Sorry guys no images nor video but this I‚Äòll assure you‚Ä¶ what you see, is what you‚Äôll get."
592249106,15347304488,486135167,5,Value For Money:very good Best Feature:very good Product Quality:very good  sobrang ganda mga boss. makapal and nde sya  yupi. lapat na lapat sa desk. walang naka angat na part. tapos ang ganda ng kulay. sobrang mura para sa quality
592249106,15347304488,891278816,5,Best Feature:good Product Quality:matibay ganda Value For Money:good  Salamat po sa seller ganda ng nabili ko aka lo ko nga maliit lang bote ma haba pala salamat seller
592249106,15347304488,288655335,5,Best Feature:The aesthetics and smoothness Value For Money:Good Product Quality:Very good  The quality of the product is good and I think it is also durable enough. The products was packaged well and there were no damages upon delivery. Thank you so much.
592249106,15347304488,226296849,5,"Product Quality:noice Value For Money:noice Best Feature:noice  You either die a hero or live long enough to see yourself become the villain I am vengeance, I am the night, If you kill a killer... the number of killers in the world remains the same"
592249106,15347304488,129003352,5,"Best Feature:goods Value For Money:goodd Product Quality:goods  Venom, (I got that) adrenaline momentum And I'm not knowin' when I'm Ever gonna slow up and I'm Ready to snap any moment I'm Thinkin' it's time to go get 'em They ain't gonna know what hit 'em (W-W-When they get bit with the-)"
592249106,15347304488,267796265,5,Goods sa budget. Quality wise dont expect too much for the price. Hahaha. Smooth sa mouse. Rubber yung baba niya. Good job seller bilis ng delivery
592249106,15347304488,112002500,5,Best Feature:Thick and looks durable Product Quality:Very Good Value For Money:Fantastic  Sakto sa haba ng desk ko think ung mouse pad so for sure magtatalgal. Thanks seller!
592249106,15347304488,670494711,5,Product Quality:maganda siya very elegant din ilagay sa table Best Feature:recommend ko ung one piece design astig Value For Money:sulit for the price  Photo and video for coins only hehe
592249106,15347304488,79811051,5,Product Quality:Excellent Best Feature:Durable Value For Money:Excellent  Highly recommended!!!Super sulit kc ang laki mya pla..sakop halos buong table ko..Oorder kmi ulet..thank you po sa freebies akala ko nasama lng..hehe
592249106,15347304488,181254139,5,"Fast, affordable hassle free transaction. Item arrived just in time. Never thought that seller will response that fast to my order. Happy buyer. Recommending seller to other potential buyer. 5star experience"
592249106,15347304488,286223981,5,"Best Feature:super ganda Value For Money:well mura siya at quality siya nice Product Quality:sulit siya, super ganda Ng binili ko at Ang lambot nya yalagan budget friendly siya"
592249106,15347304488,43355255,5,I really loved it!!! Function how it's supposed to. Worth it for it's price. Thank you soooo much seller and shopee!!! ‚ù§Ô∏è‚ù§Ô∏è‚ù§Ô∏è  Fast delivery. üíØüíØüíØ
592249106,15347304488,205441569,5,Best Feature:.. Value For Money:worth it Product Quality:..  very fast shipping and i love the quality very worth it!!!! thankyou seller will definitely order again!!!
592249106,15347304488,41297401,5,"Best Feature:10 Value For Money:10 Product Quality:10  The items arrived on time, complete and sealed. The items are functional and in good condition.  Thank you shopee and kudos seller."
592249106,15347304488,320535670,5,"Value For Money:Affordable Product Quality:Excellent  Sobrang sulit neto, buti nakita ko tong store na to nung 6.6 hehe, Sobrang ganda ng quality wala kang hahanapin pa ‚ù§Ô∏èü§ù Maraming Salamat po seller!"
592249106,15347304488,496342200,5,"Items are nice, the seller is responsive and also made sure that the package was securely packed. Very smooth transaction, correct variations as well. Thank you so much po üíù"
592249106,15347304488,73165844,5,Best Feature:ok lng Value For Money:mura Product Quality:ok lng  Ni minsan hindi nagsayang ng oras ang bubuyog para ipaliwanag sa langaw na mas masarap ang honey kaysa sa tae.
592249106,15347304488,912784756,5,Best Feature:üíØ Value For Money:üíØ Product Quality:üíØ  D ko pa sya naoopen pero maayos nakarating ung product at no damages recommended for everyone thankyou seller üíØüòá
592249106,15347304488,102767160,5,Value For Money:ok Product Quality:ok Best Feature:ok  the product looks ok i just received it juat now packaging is sturdy well becauae the product itself is sturdy thats the reason why it is this ia the firat time i ordered from.this ahop and it looks good to see that i was able to receive the product in good ordrr havent checked it yet though
592249106,15347304488,487912697,5,Very nice yung mousepad talaga!! Its very smooth and its definitely big haha... It covers my whole desk (i dont mind naman) and it makes my table look super neat :)) the order arrived really fast so I was surprised when it arrived earlier than I expected.
592249106,15347304488,595806229,5,"Product Quality:10/10 Value For Money:10/10 Best Feature:10/10  Maganda ang quality ng dumating sa'kin. Legit guys, what you see is what you get. Hindi ko lang nalagyan ng pictures kasi nilabhan ko siya today para magamit ko na kaagad bukas sa office. Thank you, Seller!"
592249106,15347304488,502493049,5,"Best Feature:yung design na napili ko at ang smoothness niya Product Quality:magandaaa  maganda ang quality niya, hindi ko lang napicturan dahil naglalag ang cp ko"
592249106,15347304488,464370280,5,"Nutrition is a critical part of health and development. Better nutrition is related to improved infant, child and maternal health, stronger immune systems, safer pregnancy and childbirth, lower risk of non-communicable diseases (such as diabetes and cardiovascular disease), and longevity.  Healthy children learn better. People with adequate nutrition are more productive and can create opportunities to gradually break the cycles of poverty and hunger.  Malnutrition, in every form, presents significant threats to human health"
592249106,15347304488,176255058,5,"Best Feature:10 Product Quality:10 Value For Money:10  Goods ang item, mas malaki kumpara sa una kung extended mouse pad na ang liit . Sulit  Yang na sa ilalim na maliit ang luma kung extended mouse pad..."
592249106,15347304488,213930554,5,Value For Money:10 out of 10. Product Quality:10 out of 10. sa halagang 108pesos ito na yung makukuha mong item. very nice üëåüèΩ Best Feature:10 out of 20. solid na solid.  Thank you seller
592249106,15347304488,144273114,5,2 days lang dumating na. Maayos naman ang pagkaka roll kaya walang lukot at damage. Salamat!
592249106,15347304488,388398177,5,"Best Feature:Malinaw yung design Value For Money:good Product Quality:superb  Maganda siya, sulit na sa binayad. As in sulit, bilis ko din narecieve. Well recommended!!"
592249106,15347304488,86867565,5,Solid considering the cheap price Product arrived earlier than expected date of delivery No issues or dents upon arrival Ganda din ng print
592249106,15347304488,224023686,1,Best Feature:Nothing but worst Value For Money:look for another seller Product Quality:just like a doormat or foot rag üòÖü§£üòÇ  ‚úÖ Arrived w/in time frame of sked date. Received 4 days after ordered (local) fast shipping speed  ‚úÖ Complete no any missing items.  ‚ùå Useless & nonsense packing w/o bubble wrap to ensure maximum package protection even though i send notes  ‚ùå Not well-stitched as you can see in videos and photos  ‚ùåü§ß Very Bad Smell Odor
592249106,15347304488,38574029,5,Best Feature:‚≠ê‚≠ê‚≠ê‚≠ê‚≠ê Value For Money:‚≠ê‚≠ê‚≠ê‚≠ê‚≠ê Product Quality:‚≠ê‚≠ê‚≠ê‚≠ê‚≠ê  Nagustuhan nman ngmga kids ko
592249106,15347304488,334354327,5,Best Feature:Super smooth and makapal Value For Money:Excellent Product Quality:Excellent  Very well recommended. Legit guys. Kudos to the seller for quality and fast delivery.
592249106,15347304488,59397383,5,Value For Money:üíØ Best Feature:design Product Quality:üíØ  niceeeee... makapal po siya compared sa iba na same price.. thanks seller! will order again
592249106,15347304488,88614405,5,Product Quality:Goods na goods yung item... palpak lang talaga sa delivery sobrang tagal. inabot ng 2weeks... pero okay na aokay yung item salamat sa seller sa uulitin
592249106,15347304488,284670889,4,"Value For Money:The quality of the mouse pad is okay, so the price of it is pretty decent Best Feature:has a long length, perfect for my keyboard and mouse (not shown in the video and picture) Product Quality:9/10, the quality is good. It seems absorbent when you put drinks near or on the mouse pad (not advisable tho)"
592249106,15347304488,140316862,5,Best Feature:Design Product Quality:Good Value For Money:Good  Hindi ko napansin yung sukat mas mahaba pala sa table ng anak ko pero okay naman nagustuhan naman nya kaya ok na rin kahit medyo lampas sa table nya yung haba nung extended mouse pad
592249106,15347304488,118225510,5,Value For Money:sulit na sulit Product Quality:goods  Sobrang goods medyo natagalan lang sa pagdating pero quality naman sulit na sulit na sa price niya.
592249106,15347304488,359636397,5,"Yung quality nya makapal, mahaba at mabigat. mukang mamahalin. Pero yung kulay nya faded compare sa pics parang saturated yung sa.picture sa shopee pero quality ok na ok"
592249106,15347304488,808903897,5,Best Feature:much much cheaper and simillar quality than the expensive ones Product Quality:good Value For Money:amazing  üî•üî•üî•
592249106,15347304488,87990890,5,Value For Money:100 sulit Product Quality:100 percent  First time ko bumili dito at hindi ako nabigo maganda ang quality enjoy my product üëå
592249106,15347304488,180781690,5,Nice. Makapal and good quality for an affordable price.. nka- add to cart na ulit for the next order. Sana magandang design ipadala.
592249106,15347304488,78979668,5,Product Quality:10/10 Best Feature:10/10 Value For Money:10/10  ganda ang laki solid ung quality ng print..
592249106,15347304488,1007456624,5,Best Feature:10/10 Value For Money:10/10 Product Quality:10/10  Product quality is Good w/o damage and delivered on time.
592249106,15347304488,175677156,5,Value For Money:great Product Quality:great  Maganda sya kahit sa mouse! Superb!
592249106,15347304488,509587135,5,Best Feature:Maganda at Makapal sya high quality Product Quality:Excellent  Order uli Ako next time heheh napakaganda
592249106,15347304488,303968920,5,Value For Money:üëåüèªüëåüèª  Didn't expect it to be this good. Very nice quality despite of its very cheap price. Recommendedüëåüèª
592249106,15347304488,305950395,5,Maganda po solid makapal na maganda quality fast delivery sana po tumagal sinubukan ko po agad pag dating gumagana naman po siya
592249106,15347304488,278089286,5,Value For Money:worth ittt Product Quality:high qual Best Feature:design ofc  bought this for my bf and im sure he'll surely love thisüò≠üò≠üíã
592249106,15347304488,59030607,4,Okay ang item. Like new. Nagustuhan ng asawa ko. Maganda ang quality and design.
592249106,15347304488,355051139,5,Best Feature:saktong sakto sa table ko Value For Money:Mura na maganda pa Product Quality:Maganda ang pagkakayare  Thank you seller!
592249106,15347304488,320243874,5,take a deep breath inhale...(4 seconds) hold it for 5 seconds exhale...(3 seconds)  repeat this until your mind and body feel at ease  Superb Product like legit. Thank youuuuu po
592249106,15347304488,355282370,5,The items were shipped immediately. The items were well packaged and no damage. Thank you seller. Will definitely buy again.
592249106,15347304488,85551068,2,Ayoo! Iba yung design na pinadala ni sellerü•π  Yung msi gusto ko e
592249106,15347304488,764831002,5,Product Quality:5/5 Value For Money:5/5 Best Feature:5/5  Solid! Thank you seller! üî•
592249106,15347304488,159529799,5,Best Feature:clear print Value For Money:quality Product Quality:excellent  Ang gondo!! Wala ako masabi
592249106,15347304488,489901816,5,Product Quality:nice Best Feature:kasya keyboard and mouse Value For Money:cheap but good quality  Ang ganda ng quality tapos mura plus mabilis dumating.
592249106,15347304488,782618451,5,Product Quality:maganda sya at mahaba quality Best Feature:maganda rin yung materials nya Value For Money:sulit na sa price nya hnde kna talo
592249106,15347304488,354784526,4,Best Feature:Design Value For Money:yes Product Quality:Best  Fast delivery thank you will order again ma arbor lang ng tropa to takte
592249106,15347304488,227421661,5,"Product Quality:10/10 Value For Money:10/10 Best Feature:Quality and Size  Mura na swabe pa, fast shipping."
592249106,15347304488,163164235,5,Best Feature:sharp design and nice side stiches Value For Money:10/10 Product Quality:10/10  highly recommended shop and products
592249106,15347304488,301473379,5,Product Quality:Di mumurahin yung quality Best Feature:Very very durable ang the print is superb Value For Money:Worth every penny  100/5 stars to.
592249106,15347304488,52003529,5,Best Feature:quality wise Value For Money:worth it Product Quality:100%  Happy and satisfied customer here. Thank you seller. Will deff recommend your store!! Kuddos! üíñ
592249106,15347304488,755821109,5,Best Feature:wide and durable Value For Money:good buy Product Quality:its awesome  I got 2 of this mouse pad. Worth the price and highly recommended.
592249106,15347304488,632015196,5,Value For Money:worth it Product Quality:excellent Best Feature:kinda 3D  Ang cute super ganda din ng quality makapal and mabigat
592249106,15347304488,55832750,5,Best Feature:perfect Value For Money:perfect Product Quality:perfect  Gopd quality and affordable
592249106,15347304488,172122307,5,Best Feature:cute design Value For Money:affordable Product Quality:Rubbermaid  Makapal. What you see is what you get. Thank you.
592249106,15347304488,876335526,5,Product Quality:good Value For Money:good Best Feature:good  maganda sya SULIT
592249106,15347304488,77654241,5,Everything went smoothly and the item was delivered on time. Looks well made and I'm loving the design. Thank you seller! Highly recommended!üëçüëçüëç
592249106,15347304488,564581767,5,Best Feature:mahaba at makapal Value For Money:worth a buy Product Quality:10/10
592249106,15347304488,49131853,5,Best Feature:‚òëÔ∏è‚òëÔ∏è‚òëÔ∏è‚òëÔ∏è‚òëÔ∏è‚òëÔ∏è‚òëÔ∏è‚òëÔ∏è‚òëÔ∏è‚òëÔ∏è Value For Money:‚òëÔ∏è‚òëÔ∏è‚òëÔ∏è‚òëÔ∏è‚òëÔ∏è‚òëÔ∏è‚òëÔ∏è‚òëÔ∏è‚òëÔ∏è‚òëÔ∏è Product Quality:‚òëÔ∏è‚òëÔ∏è‚òëÔ∏è‚òëÔ∏è‚òëÔ∏è‚òëÔ∏è‚òëÔ∏è‚òëÔ∏è‚òëÔ∏è‚òëÔ∏è  Apakaganda apakabilis dumating salamat seller and rider more order soon pili lng ako ng iba pa
592249106,15347304488,869613557,5,Product Quality:excellent Value For Money:worth it Best Feature:good quality  Super ganda and smooth ng pad
592249106,15347304488,23546215,5,"Product Quality:5 Best Feature:5 Value For Money:5  Maganda quality, Mabilis din deliver Thankyou"
592249106,15347304488,280771953,5,1day delivery lang. Ganda ng quality. Sana magtagal yung print lalo sa mouse area.
592249106,15347304488,232248333,5,Value For Money:Definitely Product Quality:Very Good Best Feature:Very fast shipping
592249106,15347304488,243841910,5,Okay naman sya. Ganda quality sakto lng sa price. Salamat shopeee. Sa uulitin. Sana mag ttttttttagal.. Matibay naman ata
592249106,15347304488,420813968,5,The product Received in good condition. Perfect fit i hope it will last longer. Thanks seller and delivery. Definitely Will Order again.
592249106,15347304488,145489021,5,Product Quality:10/11 Best Feature:good quality  Thank you seller üòäüôÇüôÇ received the gaming mouse pad. My son is ecstatic üòÅüòÅüòÅ
592249106,15347304488,167450985,5,Legit seller!  Very useful!  Authentic Item A+ Seller Response A+ Shipping A+ Packaging A+  Will definitely order again!
592249106,15347304488,258895387,5,Value For Money:10/10 Product Quality:10/10 Best Feature:10/10  Best item... Recommended seller.. ty
592249106,15347304488,312156799,5,Nakakatuwa sobrang ayos nung binili ko 5 star for me sakto din sa set up kp thank you seller kung ano yung sa picture yun din sa personal
592249106,15347304488,439863047,3,Makapal ang mouse pad at maganda din ang laptop stand kasi mabigat at mukhang matibay. Maganda din ang packaging dahil safe ang orders.
592249106,15347304488,291276484,5,Ang ganda! Ang bilis ng delivery. Friday ng hapon ako nag check-out dumating ng sabado ng umaga.
592249106,15347304488,17246216,5,Value For Money:10 Product Quality:10 Best Feature:10  Ganda at malinis tignan Ganda Ng designs
592249106,15347304488,785511406,5,Best Feature:maling item ang dumating Value For Money:affordable Product Quality:10 sana kaso mali ang item na ibinigay
592249106,15347304488,782943570,5,Iba ang dumating na design. Pero ok na din. Maganda naman ang quality üôÇ
592249106,15347304488,376318462,5,100% high quality talaga. Worth it yung pagbili ko nito. üëç‚ú®Ô∏è salamat seller. üôå
592249106,15347304488,524325244,3,Best Feature:tinipid Value For Money:tinipid Product Quality:tinipid  Pangalawang order ko na to! Akala ko first order lang yung Panget kulay Pati pala tong black malayo kulay sa Nasa pic.  Kulay alikabok ang layo sa black super! üò°
592249106,15347304488,524325244,3,"Best Feature:tinipid Value For Money:tinipid Product Quality:tinipid  Pangalawang order na, ang layo ng kulay sa picture, Kala ko unang order ko lang pero 2nd order same prin kulay. Layo sa design nyo kulay."
592249106,15347304488,394561464,1,"Best Feature:WRONG ITEM Value For Money:WRONG ITEM Product Quality:WRONG ITEM  Okay sana yung Item kaso wrong item yung binigay sakin, sobrang nakaka disappoint hinding hindi na ako oorder sa shop niyo üò°üò°"
592249106,15347304488,284101596,5,Order is complete and without damage. Product seems of good quality. Freebies were included :) Will check other products from this shop.
592249106,15347304488,228997231,3,Best Feature:ok Value For Money:ok Product Quality:ok  Oks naman materials pero a bit dissapointed. Picachu pinili ko design pero iba pinadala ni seller. Double check mo naman binebenta mo bago mo ipadala panu yan mapapalitan paba?
592249106,15347304488,577746607,4,The product i received is wrong but since the mousepad itself is good ill rate it 4 stars....
592249106,15347304488,303254373,4,"Okay naman siya, non slip ung ilalim. Only issue lang is stretched yung design. Could have been better but it's pretty good na considering its price."
592249106,15347304488,828228307,3,"Value For Money:Somehow worth it because it‚Äôs smooth Best Feature:Design and texture Product Quality:The stitching is not that good because the material inside is getting exposed  Please improve the material quality and printing, the brand ‚Äústeel series‚Äù logo is cut off and missing a letter ‚Äús‚Äù"
592249106,15347304488,719199658,4,Best Feature:design Value For Money:good Product Quality:good  Maganda ang print ng design and goods naman sa feel ng material na ginamit
592249106,15347304488,73283309,5,Value For Money:worth it Best Feature:makapal Product Quality:pangmatagalan  Bilis nang shipping...salamat seller..legit
592249106,15347304488,441560819,5,Best Feature:Looks good Product Quality:10/10 Good quality Value For Money:Worth it  Worth the price  Fast shipping Good quality yet affordable  Will order again 10/10
592249106,15347304488,302407375,5,Best Feature:big and smooth. sobrang ganda ng print. Value For Money:good Product Quality:nice
592249106,15347304488,231851969,5,"Value For Money:10/10 Product Quality:10/10  Maganda ung quality ng mousepad nagamit ko na sya and smooth naman. Mabilis lang rin napa ship ni seller, natagalan lang sa pagdeliver dahil narin sa bagyo which is understandable."
592249106,15347304488,900884947,5,Value For Money:super nice Product Quality:omega ultra nice Best Feature:very nice  Napaka ganda ng quality. Bangis!
592249106,15347304488,131315060,5,Value For Money:goods Product Quality:makapal ganda ng tela Best Feature:nakakapasma nang onti  There was something about you that now I can't remember It's the same damn thing that made my heart surrender
592249106,15347304488,483376037,5,Best Feature:maka tahi yung gilid at rubber yung sole nya Value For Money:fine Product Quality:excellent  Maganda ang quality nya medyo may amoy lang kaya labhan muna
592249106,15347304488,78028260,5,Product Quality:good Value For Money:good Best Feature:good  Ang ganda po nya sa table ko..nice! Wlang damage..tnx!
592249106,15347304488,462810200,5,Best Feature:color and the material used Product Quality:5/5 Value For Money:5/5  Nice..makapal.. beautiful design as wellüòç
592249106,15347304488,493240159,5,Product Quality:Nice sobra Value For Money:Worth it Best Feature:Smooth  MATAGAL LANG MA DELIVER!!!! ‚ùå
592249106,15347304488,630545093,5,Product Quality:Goods na goods Best Feature:Napaka solid and bilis pa dumating
592249106,15347304488,135541047,4,"Product Quality:satisfactory Best Feature:it's a mouse pad, it's long Value For Money:worth it  Feels good and looks good"
592249106,15347304488,390954615,4,Product Quality:8/10 Value For Money:10/10  It's in good quality and cheap. Thank you!
592249106,15347304488,318372530,5,well-packaged item shipped immediately wala naman akong arte sa print niya kasi world map lang naman ‚Äòto so it's a yes for me ems
592249106,15347304488,123450332,5,The best item that i got. Excellent quality and very accomodating seller. The item ship well packaged. The item ship immediately
592249106,15347304488,450929846,5,Value For Money:Affordable Best Feature:Malapad Product Quality:10/10  Medyo manipis siya pero okay lang kasi malapad naman.
592249106,15347304488,118102827,5,Super bilis! 1 day lang nadeliver agad. Goods din quality. Maganda yung print. Recommended üëçüëçüëç
592249106,15347304488,105647814,5,"All goods maganda yung pagkakayari quality wise,no problem ganda ng print solid, sa uulit"
592249106,15347304488,45849446,5,I love the items. Great quality and aesthetics. I recommend this seller üíØ
592249106,15347304488,44788722,5,di naman matagal pagdeliver .okey naman ang product at sakto sa bilang.tama ang na order ko kaya salamat sa seller 5 star
592249106,15347304488,46402259,5,Value For Money:10/10 Product Quality:10/10 Best Feature:10/10  Maganda ang quality 100% pasado para sa akin.
592249106,15347304488,866894515,5,The product arrive late as expected because of the bad weather. but over all the quality of the mouse pad is nice. Thank you seller
592249106,15347304488,317099480,5,"Mukhang matibay naman sulit 'yong pera, at mas maganda pala siya sa personal:>"
592249106,15347304488,843070004,5,Product Quality:10/10 Best Feature:10/10 Value For Money:10/10  Ang ganda hehe
592249106,15347304488,478924187,5,"Best Feature:10 Product Quality:10 Value For Money:10  Good quality and its bigger in actual, all in all good buy! üíØüíØüíØ"
592249106,15347304488,669872010,5,"Product Quality:subrang ganda, hindi manipis Best Feature:üëçüëçüëç Value For Money:170  Thank you shoppe, thank you seller üëçüëçüëç subrang ganda mo po üôÇ"
592249106,15347304488,111047570,5,Product Quality:‚≠ê‚≠ê‚≠ê‚≠ê‚≠ê Best Feature:Cheap however looks expensive Value For Money:‚≠ê‚≠ê‚≠ê‚≠ê‚≠ê  came earlier than expected. Should have arrived dec.19 however received it dec. 12.. Will order again
592249106,15347304488,439202531,5,Good quality mouse pad. Not recommended for people who have sweaty hands because the mousepad is not hydrophobic.
592249106,15347304488,78554862,1,Value For Money:wasting Product Quality:okay but wrong design  Wrong item. So disappointed. I will not order again.
592249106,15347304488,262682502,5,Product Quality:10 Best Feature:Looks pretty good & brand new Value For Money:10  Will order again soon! üíØ‚úî
592249106,15347304488,503938565,5,Value For Money:10 Product Quality:10 Best Feature:10  slamt po ng marami
592249106,15347304488,300173701,5,Product Quality:awesome! Value For Money:worth it!! Best Feature:same as advertised  Recommended! Thank you seller for the fast shipping and well packed product. ü•∞
592249106,15347304488,115891427,5,Best Feature:Good tailoring Value For Money:As good as low price Product Quality:Very good  Onething i write a letter to claim something and seller havent reply..  Please see my comment thank you
592249106,15347304488,526420477,5,Best Feature:Very Good Product Quality:Very Good Value For Money:Good  Thanks seller received kona üòä  Maganda yung product niyo üòçüëç
592249106,15347304488,50622518,5,Best Feature:smooth and braided properly Value For Money:worth it Product Quality:perfect  I'll buy another one again soon
592249106,15347304488,202875771,5,Best Feature:design Value For Money:sulit Product Quality:maganda at an affordable price  very good product. serves its purpose well. mura lang. bili na kayo!
592249106,15347304488,1077151802,5,Best Feature:very good Product Quality:very good Value For Money:affordable price  Napaka Ganda well packed‚ù§Ô∏è thank you seller
592249106,15347304488,233546717,5,Product Quality:10/10 Best Feature:size Value For Money:absolutely  Maganda yung quality tapos bigger than expected. Maganda din yung itsura at pakeramdam. Walang makitang pagrereklamuhan.
592249106,15347304488,69905856,5,Best Feature:ganda right size very comfy Value For Money:sobrang affordable Product Quality:GANDAAA  niregalo ko sa bf ko and tuwang tuwa hahah
592249106,15347304488,157164169,5,Best Feature:very good salamat seller. Value For Money:sulit Product Quality:maganda ang quality order ako ulit pagavailable na ibang design  Mabilis mag ship
592249106,15347304488,434520439,5,"Product Quality:Good quality. Best Feature:all Goods, quality, speed of delivery. Value For Money:The price is Good. it's not overprice for the quality."
592249106,15347304488,206970080,5,Value For Money:Yes Product Quality:Excellent  Ang ganda po ng quality at malaki siya. Ang ganda ganda din po ng design. Affordable pa!
592249106,15347304488,285594486,5,"Mabilis shipping , maganda quality ng item , maganda tignan sa table , maangas ang texture ,  maganda pagkatahi sa gilid"
592249106,15347304488,285533459,5,Value For Money:Good Product Quality:Good Best Feature:Good  Matibay legit talaga
592249106,15347304488,370264009,5,"Best Feature:Minion Value For Money:Good Product Quality:Good  Minion good, smooth no damages and came fast and early, also very sturdy üòéüí™üí™üí™üí™ü¶Üü¶Üü¶Üü¶Ü"
592249106,15347304488,1005085626,5,Product Quality:10/10 Best Feature:Smooth Value For Money:better than its worth  Better than expected
592249106,15347304488,280834852,4,"Product Quality:Good Value For Money:Better Best Feature:Price  Good for its price, quality is not the best but it does the job. it still slips off my desk even though the bottom material is rubberized."
592249106,15347304488,209200863,5,Best Feature:Good quality Value For Money:Mura pero high quality  nakapagorder na ako ng 6pcs sobrang ok ng quality nya at ung print maganda tignan
592249106,15347304488,119472448,5,Product Quality:GREAT Best Feature:GREAT Value For Money:SULIT  Maganda ung item. Makapal at malambot. Thanks seller at rider.
592249106,15347304488,131300518,5,"Love the quality. Doesn'y need to be pricey. Also, easy to clean ans the aesthetic fits nicely either in the office or at home."
592249106,15347304488,85412190,5,Best Feature:Its thick Value For Money:Very affordable Product Quality:Its good you should buy too  The product was good. You should get one too..
592249106,15347304488,29655482,5,"Best Feature:MOUSEPAD Value For Money:CHEAP PRICE Product Quality:EXCELLENT  GOOD QUALITY AND SULIT SA PRICE NYA. MAKAPAL, AT MADALI LABHAN"
592249106,15347304488,1122576819,5,Product Quality:good Best Feature:good Value For Money:good  The product was great.
592249106,15347304488,340970708,5,"Ang gandaaaa bossss, salamat sa magandang quality, yung design, sulit sa price, I'll give an honest rating, kudos sellerüôè"
592249106,15347304488,556447617,5,Product Quality:The quality is very nice good jod seller. 5 star kayo sa akin. Value For Money:Worth to pay‚ù§Ô∏è
592249106,15347304488,212592669,5,Best Feature:thick Value For Money:clear print Product Quality:very good quality for the price  Sulit na sulit!!
592249106,15347304488,859993618,5,Product Quality:great Best Feature:high quality Value For Money:good  Ang ganda at ang smooth perfect for gaming
592249106,15347304488,91197796,5,Best Feature:great design  Complete order and walang damage ang product. Worth the price. Kudos sa seller.
592249106,15347304488,16352005,5,Best Feature:makapal sya goods na goods. Value For Money:worth the price. Product Quality:good and high quality.
592249106,15347304488,359250178,5,Product Quality:Good Best Feature:good Value For Money:pretty cheap  fast delivery satisfied with my order
592249106,15347304488,336120080,5,Best Feature:love it Value For Money:love it Product Quality:love it  love it so much
592249106,15347304488,201558760,5,Product Quality:Good Value For Money:Pretty cheap Best Feature:Worth the price
592249106,15347304488,95864372,5,Best Feature:nice texture and smooth for gaming. malaki Value For Money:good Product Quality:good
592249106,15347304488,415353293,5,Best Feature:10/10 Value For Money:10/10 Product Quality:10/10  sobrang bilis ma ship üëç
592249106,15347304488,97398028,5,Product Quality:good Best Feature:excellent Value For Money:excellent  Ganda  thank you seller
592249106,15347304488,234096355,5,Product Quality:Cheap but good quality Best Feature:Fast delivery Value For Money:Affordable
592249106,15347304488,176321217,5,Product Quality:Perfect! Value For Money:Perfect! Best Feature:cheap and good quality!
592249106,15347304488,99154185,5,Best Feature:legit maganda Value For Money:legit mura Product Quality:legit quality
592249106,15347304488,990892585,5,Best Feature:good Value For Money:good Product Quality:good  maganda naman siya
592249106,15347304488,415587094,5,Value For Money:all goods Best Feature:√†ll goods Product Quality:all goods
592249106,15347304488,197557405,5,Best Feature:Very Good! Value For Money:Very Good! Product Quality:Very Good!
592249106,15347304488,913261549,5,Best Feature:pang mayaman Product Quality:winner Value For Money:i love it
592249106,15347304488,115891427,5,Value For Money:Good for the orice Product Quality:Great quality Best Feature:Nice texture  5 star dito kala ko ordinary pero solid legit mga pre..
592249106,15347304488,36798703,5,"Received items completely. Well packaged. Thank you, the seller. Bibili ulit sa susunod. Just rated for coins.  Peace yow! Photo not related."
592249106,15347304488,565394500,5,Di ko inaasahan na sobrang lapad nya. Haha thank you seller. Mabilis ko nakuha item. And maganda pagkakabalot.
592249106,15347304488,338500102,5,"maganda siya, nagustuhan naman ni daddy and mura na siya for its price tapos malaki pa. mabilis din dumating, xencia na walang pic basta bumili na kayo"
592249106,15347304488,870609957,5,Value For Money:good Product Quality:goood  Literall n extended di nagkasya Doon sa loob ng table ung mousepad hahaha Kaya sa taas Kona lang nilagay
592249106,15347304488,98962976,5,Value For Money:Worth the Price Best Feature:Soft touch. And everything is in good condition. Product Quality:Hopefully it would last. And Maganda talaga yung item.
592249106,15347304488,232752735,5,Value For Money:yup Product Quality:nice ung quality. may tahi sa gilid kaya baka abutin ng 10 years bago matuklap. Best Feature:ung tahi sa gilid.
592249106,15347304488,283256354,5,Value For Money:very afforable Product Quality:Best quality Best Feature:Premium material  Super satisfied. Sa mga bibili ng mousepad highly recommended to
592249106,15347304488,267762099,5,"Very satisfied consumer. Everything is well packed, mouse is working. Everything is bang for buck. chat support is great too."
592249106,15347304488,65905948,5,Item was well-packaged. Received it a few days after ordering and they were in excellent quality. Thank you seller :)
592249106,15347304488,50182098,5,Best Feature:Serves its purpose Value For Money:Worth it Product Quality:Ok lang nagamit namin  Ok ang items
592249106,15347304488,309631679,4,Value For Money:the value are worth it Best Feature:the quality i think Product Quality:it is good
592249106,15347304488,429640639,5,Best Feature:yung design nya ang ganda Product Quality:good quality nmn sya  Super ganda nya at mahaba din.
592249106,15347304488,72591364,5,Product Quality:good quality Best Feature:it was better than i expected
592249106,15347304488,850773399,5,Value For Money:worth it ang pera maganda Product Quality:good quality
592249106,15347304488,348823002,5,good product fast delivery no issues mabait si kuya delivery guy muka namang tatagal yung product:)
592249106,15347304488,198908236,5,very good quality the item is completed and no damage and the shipping is very fast
592249106,15347304488,920326708,5,Best Feature:The design  The design is flawless and it's fabric nice keep up the good work
592249106,15347304488,230857851,5,Product Quality:excellent Value For Money:goodüòÅ  maganda yong item thanks seller at shoppe   sana may frebbiessssssüòÇüòÇüòÅüòÅ
592249106,15347304488,69291533,5,Best Feature:All goods Value For Money:Sulit bayad mo Product Quality:Mas maganda sa personal
592249106,15347304488,299058108,5,Best Feature:ang ganda ng kulay nya oarang nailaw Product Quality:madanda talaga dya
592249106,15347304488,391040517,5,Value For Money:Great for the Price Best Feature:Feel Product Quality:Good  Overall pretty good
592249106,15347304488,229273040,5,Best Feature:True to it's size Value For Money:üôå Product Quality:Excellent for the price
592249106,15347304488,386777156,5,Product Quality:maganda Best Feature:saktong sakto aa lamesa ko Value For Money:mura
592249106,15347304488,555112898,5,Value For Money:wort it Best Feature:10/10 Product Quality:10/10  Legit shop ‚ù§Ô∏è
592249106,15347304488,255301188,5,Maganda yung quality nya well package din kudos to the seller
592249106,15347304488,429079300,5,Good condition what you see what you get Fast delivery üéâüéâü•≥
592249106,15347304488,643121065,5,Best Feature:Print quality Value For Money:Miss ko na sya Product Quality:Good  Ayos naman yung item natagalan lang pero overall miss ko na talaga sya
592249106,15347304488,883077193,5,Great buy! Product quality is great hence the price. Thank you so much!!!!!! Hope it will last long with me.üòäüòäüòäüòäüòäüòäüòäüòäüòäüòäüòä
592249106,15347304488,96119410,5,Best Feature:Cheap Price Value For Money:10/10 Product Quality:9.5/10  This is really good considering it's price ang mura na quality pa.
592249106,15347304488,154508363,5,All keys are working and super ganda ng design and sarap gamitin ‚ù§Ô∏èüëå Thank you seller! Thank shopee
592249106,15347304488,66133981,5,Best Feature:good Value For Money:go o o d Product Quality:ÈáëÊ≥¢ÈäÄÊ≥¢„ÇÇ„ÄÄ„Åó„Å∂„Åç„Å´„Åã„Åà„Å¶  „Éì„É≥„ÇØ„Çπ„ÅÆÈÖí„Çí„ÄÄÂ±ä„Åë„Å´„ÇÜ„Åè„Çà Êµ∑È¢®„ÄÄÊ∞ó„Åæ„Åã„Åõ„ÄÄÊ≥¢„Åæ„Åã„Åõ ÊΩÆ„ÅÆÂêë„Åì„ÅÜ„Åß„ÄÄÂ§ïÊó•„ÇÇÈ®í„Åê Êµ∑È¢®„ÄÄÊ∞ó„Åæ„Åã„Åõ„ÄÄÊ≥¢„Åæ„Åã„Åõ „Åï„Çà„Å™„ÇâÊ∏Ø„ÄÄ„Å§„ÇÄ„Åé„ÅÆÈáå„Çà „Éâ„É≥„Å®‰∏Ä‰∏ÅÂîÑ„Åä„ÄÄËàπÂá∫„ÅÆÂîÑ ÈáëÊ≥¢ÈäÄÊ≥¢„ÇÇ„ÄÄ„Åó„Å∂„Åç„Å´„Åã„Åà„Å¶ „Åä„ÇåÈÅî„ÇÉ„ÇÜ„Åè„Åû„ÄÄÊµ∑„ÅÆÈôê„Çä „Éì„É≥„ÇØ„Çπ„ÅÆÈÖí„Çí„ÄÄÂ±ä„Åë„Å´„ÇÜ„Åè„Çà Êàë„ÇâÊµ∑Ë≥ä„ÄÄÊµ∑Ââ≤„Å£„Å¶ Ê≥¢„ÇíÊûï„Å´„ÄÄÂØù„Åê„Çâ„ÅØËàπ„Çà Â∏Ü„Å´Êóó„Å´„ÄÄËπ¥Á´ã„Å¶„Çã„ÅØ„Éâ„ÇØ„É≠ Âµê„Åå„Åç„Åü„Åû„ÄÄÂçÉÈáå„ÅÆÁ©∫„Å´ Ê≥¢„Åå„Åä„Å©„Çã„Çà„ÄÄ„Éâ„É©„É†„Å™„Çâ„Åõ „Åä„Åè„Å≥„Çá„ÅÜÈ¢®„Å´„ÄÄÂêπ„Åã„Çå„Çä„ÇÉÊúÄÂæå ÊòéÊó•„ÅÆÊúùÊó•„Åå„ÄÄ„Å™„ÅÑ„Åò„ÇÉ„Å™„Åó‚ô™ Êàë„ÇâÊµ∑Ë≥ä„ÄÄÊµ∑Ââ≤„Å£„Å¶ Ê≥¢„ÇíÊûï„Å´„ÄÄÂØù„Åê„Çâ„ÅØËàπ„Çà Â∏Ü„Å´Êóó„Å´„ÄÄËπ¥Á´ã„Å¶„Çã„ÅØ„Éâ„ÇØ„É≠ Âµê„Åå„Åç„Åü„Åû„ÄÄÂçÉÈáå„ÅÆÁ©∫„Å´ Ê≥¢„Åå„Åä„Å©„Çã„Çà„ÄÄ„Éâ„É©„É†„Å™„Çâ„Åõ „Åä„Åè„Å≥„Çá„ÅÜÈ¢®„Å´„ÄÄÂêπ„Åã„Çå„Çä„ÇÉÊúÄÂæå ÊòéÊó•„ÅÆÊúùÊó•„Åå„ÄÄ„Å™„ÅÑ„Åò„ÇÉ„Å™„Åó‚ô™
592249106,15347304488,417945505,5,Good for the price.   Hindi siya pwede sa maseselan kasi yung tahi niya sa gilid medyo hindi maayos may tanggal tanggal.(again think of the price sa mall ata mga 400+ and pinaka mura na ganitong size) kaya sa para sakin good purchase to...  Again di pwede sa maselan
592249106,15347304488,35839629,4,Nagustohan ng bf ko maganda quality. Mejo natagalan lang sa delivery lagpas na sa estimated date. Then sa delivery day rider na yung problema ako yung nilagay na unreachable kahit siya yung di tumawag at nag message. Pero naideliver the oder day.
592249106,15347304488,137484843,4,"Everything is working. Mali lang yung color ng keyboard ng naisend. Punk blue and white ang order ko. Pero punk blue lang sinend nila. Nevertheless, im satisfied. Sobrang cute pa din nung keyboard. Ang bilis din naship."
592249106,15347304488,353767488,5,Product Quality:nice actual quality Value For Money:worth the price Best Feature:what you see is what you get
592249106,15347304488,232003183,5,"i love it very nice product, excellent materials. highly recommended and no regrets.... keep up the good work and business!!"
592249106,15347304488,274006876,5,Product Quality:Maganda at mukhang mamahalin tulad nung sa mga nasa mall Best Feature:What you see is what you get Value For Money:Super sulit!
592249106,15347304488,371634719,5,The product was well packed and the length of the mousepad was longer than I expected. Good stuff in here keep it up.
592249106,15347304488,49523108,5,"solid ng seller na ito. Pag check out ko , ship agad. Salamat boss/madam. Ganda pa ng product mwa"
592249106,15347304488,211701582,4,"Sana vibrant pa yung colors nya, maganda naman yung quality mismo yung design lang nya yung kulang sa colors."
592249106,15347304488,208023392,5,Maganda at sulit! Tama lahat ng orders ko. Mabilis at maganda ang packaging. Thank you sa seller at rider.
592249106,15347304488,154664693,5,"Seller very responsives, accommodating, super baet :) highly recommended store. Thank you very much seller! Will order soon!"
592249106,15347304488,683942512,5,"ang bilis dumating, at ang ganda ng mouse pad, may tahi sa gilid, order ulit ako"
592249106,15347304488,129783684,5,Kala ko black siya pero ok siya good buy salamat mabilis lang din dumating ‚≠ê‚≠ê‚≠ê‚≠ê‚≠ê
592249106,15347304488,315934662,5,Product Quality:üëç Value For Money:üëç Best Feature:üëç  Nice and quality thanks sellerüòä
592249106,15347304488,63485675,5,"Thank you seller and courier, love the mat, ganda ng quality, til next transaction üòä"
592249106,15347304488,52178411,5,Product Quality:10 Best Feature:10 Value For Money:10  2nd purchase. highly recommended seller
592249106,15347304488,122952474,5,Product Quality:10/10 Best Feature:Everything Value For Money:10/10  Napakaganda will order more designs
592249106,15347304488,354791712,5,Best Feature:COLOR Value For Money:100% Product Quality:100% legit  Bili na kayo worth it
592249106,15347304488,292870829,5,Best Feature:all good Value For Money:hehe enough Product Quality:little smooth  good product
592249106,15347304488,33282498,5,Nagustuhan nila yung design. Salamat sa mura pero magandang mouse pad.
592249106,15347304488,95668915,5,Best Feature:‚≠ê‚≠ê‚≠ê‚≠ê‚≠ê Product Quality:‚≠ê‚≠ê‚≠ê‚≠ê‚≠ê  Ang ganda may quality.d halatang mumurahin lang.
592249106,15347304488,333538044,5,Ganda ng item. Mabait pa yung nag deliver. Will order again
592249106,15347304488,24865095,5,Product Quality:10 Value For Money:10  Natuwa anak ko kaya masaya aq.
592249106,15347304488,344177380,5,ok nman yung product medyo natagalan lng ito dahil sa bagyo. maraming salamat kahit papano dumating thank you seller order ako ulit soon.
592249106,15347304488,320828658,5,"Solid to guys, Bili narin kayo Laki ng Mousepad, makapit din. Monday ko inorder, friday dumating."
592249106,15347304488,234929096,5,Best Feature:10/10 ang wide nya Value For Money:yes Product Quality:10/10  The best sulit.
592249106,15347304488,122576881,5,Best Feature:Wider and design. Durable and thick Value For Money:100% Product Quality:100%
592249106,15347304488,276636421,4,Product Quality:8 Value For Money:7 Best Feature:6  maganda ayos waw sa ulitin order ulit nakakatuwa sobra akong hapi hindi ko to sayangin ingatan ko salamat merry xmas evryone
592249106,15347304488,235172723,5,"Maganda yung items, nagkaproblem lng sa delivery, kudos kay sir John Polintan J&T delivery, kasi sa kanya na pina take over yung deliver which is nadeliver na rn sa wakas. ‚ò∫Ô∏è‚ò∫Ô∏è‚ò∫Ô∏è"
592249106,15347304488,844827138,5,I like the product. It is not preferable especially if you bought it because of the image printed. It gets blocked by the keyboard because it was placed in the center.
592249106,15347304488,84620450,5,All good etong product na ito Thumbs up talaga nga naman and produti na eto Talagang okay na okay di magsi talaga Oh yeah oh yes
592249106,15347304488,886605504,5,It was excellent mouse pad I like design good sorry delay reply I was out of town god blesss
592249106,15347304488,33306741,4,"The products are of great quality, however, I received a different design from what I actually ordered."
592249106,15347304488,51994645,3,Print is not as vibrant as in the picture. Finish is good and the edges are not noticeable.
592249106,15347304488,300340172,3,Product Quality:4/5 Value For Money:4/5 Best Feature:4/5  Ok na sa price nya..
592249106,15347304488,263208925,5,ok naman ang quality iba lang ang pinadalang design. pero ok na din nmn
592249106,15347304488,132052753,5,Best Feature:100 Value For Money:100 Product Quality:100  maganda pang gaming minimalist
592249106,15347304488,195427698,4,Mejo pale lang yung color ng print.. pero ok na dn sa price
592249106,15347304488,114405281,4,Oks naman kaso iba pipadala wala man lng notice ibang item pala ibibigay
592249106,15347304488,533338094,5,Best Feature:best Value For Money:best Product Quality:best
592249106,15347304488,292697083,5,Best Feature:matte finnish Value For Money:affordable Product Quality:good
592249106,15347304488,80737161,3,"kaya pala naka blurred sa pic nya. may naka sulat pala talaga in real. sana po, nag sabi kayo. pero salamat na lang din."
592249106,15347304488,662181007,5,Product Quality:10 Best Feature:10 Value For Money:10
592249106,15347304488,232367247,5,"Ang ganda.. Tuwang tuwa uhng anak ko.. Satisfied naman sya.. Thank you seller, thank you shoppe.. Magandakc makapal at malaki, continue nyo lang ung maganda ang product para para pang bumili"
592249106,15347304488,336649246,5,Ang lapad at Ang haba haha sobra sa maliit kung table. Gawas nalang ako mas malaking table para mag kasya sya. Legit po. Bili n din kayo Dyan.
592249106,15347304488,379203443,5,So nice and beautiful üòç mouse pad. More sales on.. üòÅüòÅüòÅThank you seller. Thank you shoppee. Thank you Currier parcel delivery. ü•∞
592249106,15347304488,123418959,5,"Very nice, thank you seller, up , really recommended ü§ó"
592249106,15347304488,468651889,5,Value For Money:Worth it Best Feature:Sturdy Product Quality:10
592249106,15347304488,207294338,5,"Best Feature:Texture, product materials Value For Money:Excellent Product Quality:Excellent"
592249106,15347304488,85755928,5,Best Feature:good quality Value For Money:5/5 Product Quality:5/5
592249106,15347304488,200089641,5,Best Feature:ganda ng design  Maganda yung product vergood quality
592249106,15347304488,774451182,5,Best Feature:Smooth Value For Money:10/10 Product Quality:10/10
592249106,15347304488,188490120,5,Best Feature:oki Value For Money:kkk Product Quality:kkk
592249106,15347304488,357907509,5,"It looks elegant, mukang matibay  and malaki siya sobrang worth it sa lower price, and napabili ulit ako pag ka deliver."
592249106,15347304488,517775631,4,"It is good quality, just based on the images and video that I show below. Remember what you pay is what you get. Hehehehehe"
592249106,15347304488,225314131,4,Mas lapad pa dati ko nga mousepad. Baho baho galing haha
592249106,15347304488,850034939,5,Sobrang Ganda. Satisfied Customer here. Thank you seller
592249106,15347304488,321072249,5,Best Feature:ok Value For Money:ok Product Quality:ok
592249106,15347304488,176622440,5,Best Feature:5/5 Value For Money:5/5 Product Quality:5/5
592249106,15347304488,176461417,5,Best Feature:excellent Product Quality:excellent Value For Money:excellent
592249106,15347304488,353083708,5,Best Feature:good Value For Money:good Product Quality:good
592249106,15347304488,858910237,5,Best Feature:Long Value For Money:Goods Product Quality:High
592249106,15347304488,606601556,5,Best Feature:sobrang ganda Product Quality:smooth Value For Money:good
592249106,15347304488,120714702,5,Product Quality:very good Value For Money:yes Best Feature:maps
592249106,15347304488,116936618,5,Value For Money:good Product Quality:good  Thank you seller.
592249106,15347304488,227601870,5,Value For Money:10/10 Best Feature:10/10 Product Quality:10/10
592249106,15347304488,48745945,5,Best Feature:graphics Value For Money:good Product Quality:good
592249106,15347304488,301795617,5,Product Quality:very good Best Feature:long and decent  Recommended smooth
592249106,15347304488,108404109,5,Great material for this price? Sheesh Thank you seller üòÅüòÅ
592249106,15347304488,944667036,5,Best Feature:Makapal Value For Money:10 Product Quality:10
592249106,15347304488,166028806,5,good quality and so smooth i don‚Äôt regret buying it
592249106,15347304488,348045094,5,"salamat seller., ganda ng item di lang halata sa mukha.. may free pa.."
592249106,15347304488,178461985,5,Value For Money:105  ang ganda nya goods na goods ..
592249106,15347304488,292579526,5,Malaki and makapal. Pnakanagustuhan kondito eh may tahi sa gilid kaya iwas tastas. Thank you seller! Order ulit next time.
592249106,15347304488,587199508,4,Ok naman Kaso mo mukang luma yung item pero mukang bagong luma lol well nandito na gamitin nalang
592249106,15347304488,823721516,5,Best Feature:good Value For Money:good Product Quality:good  Good product
592249106,15347304488,47488611,5,Best Feature:Color Value For Money:Affordable Product Quality:Nice
592249106,15347304488,182429893,5,Best Feature:Smooth Value For Money:Worth Product Quality:Nice
592249106,15347304488,382743191,5,Thanks seller very affortable at its price..
592249106,15347304488,105696861,5,Value For Money:good Product Quality:good Best Feature:good
592249106,15347304488,1118315872,5,Value For Money:Good Best Feature:Good Product Quality:Good
592249106,15347304488,334765217,5,Best Feature:good Value For Money:good Product Quality:good
592249106,15347304488,879442273,4,Product Quality:good Value For Money:good Best Feature:good
592249106,15347304488,101664162,5,Value For Money:good Best Feature:good Product Quality:üëç  Thank u
592249106,15347304488,349669127,5,Value For Money:worth the price Product Quality:great Best Feature:soft
592249106,15347304488,974299252,4,Value For Money:hindi sayang Product Quality:nice Best Feature:nice
592249106,15347304488,91053895,5,"Product Quality:Great. Amazing Best Feature:Thick, premium Value For Money:Superb"
592249106,15347304488,867729993,5,Value For Money:Good Best Feature:Good Product Quality:Smooth  Ang smooth
592249106,15347304488,289952110,5,Best Feature:good Value For Money:good Product Quality:good  thankyou seller
592249106,15347304488,436764645,5,Value For Money:worth it Product Quality:perfect Best Feature:very satisfied
592249106,15347304488,343217151,5,Product Quality:Goods Best Feature:Goods Value For Money:Goods  All Goods
592249106,15347304488,261019404,5,Product Quality:good Best Feature:good Value For Money:good  Good
592249106,15347304488,48621017,5,Best Feature:makapal Value For Money:sulit Product Quality:ganda
592249106,15347304488,739680379,5,Best Feature:good Value For Money:good Product Quality:super good
592249106,15347304488,290764084,5,Value For Money:Good Best Feature:Good Product Quality:Good
592249106,15347304488,334540531,5,Best Feature:good Value For Money:good Product Quality:good
592249106,15347304488,393443379,5,Best Feature:good Product Quality:good Value For Money:good
592249106,15347304488,294982470,5,Best Feature:nice Value For Money:nice Product Quality:nice
592249106,15347304488,294286776,5,Value For Money:good Best Feature:good Product Quality:good
592249106,15347304488,540180145,4,Best Feature:wide Value For Money:good Product Quality:good
592249106,15347304488,275065929,5,Product Quality:good Best Feature:n  Love it
592249106,15347304488,547177344,5,Product Quality:good  Ganda niya üòä
592249106,15347304488,215980593,5,Good quality  worth it bilis pa
592249106,15347304488,200193636,5,Fast delivery. Same product on picture. Well packaged.
592249106,15347304488,110749379,5,Best Feature:10/10 Value For Money:Sulit Product Quality:10/10
592249106,15347304488,3759226,5,Received the items completely and in good condition.   Ang gaganda nila. Nagustuhan ng mga kasama ko sa work. You get what you order talaga.
592249106,15347304488,244346638,5,Best buy so far. Will definitely order again.
592249106,15347304488,22212743,5,Best Feature:for gaming Value For Money:worthy Product Quality:good
592249106,15347304488,798533548,5,Value For Money:10/10 Best Feature:print is amazing Product Quality:10/10
592249106,15347304488,118129377,5,Product Quality:Good Quality Value For Money:Super Sulit
592249106,15347304488,303223246,4,Product Quality:Good Value For Money:yes Best Feature:look
592249106,15347304488,242071791,5,Good quality ... and inferness mabilis lang ang delivery
592249106,15347304488,305699205,5,Best Feature:It's a mousepad Value For Money:Yes Product Quality:Nice
592249106,15347304488,443854257,5,Solid. Ganda ng quality sa mababang presyo. Thanks seller
592249106,15347304488,36824864,5,Value For Money:Worth it sya Product Quality:very good
592249106,15347304488,78526919,4,Best Feature:Nice Value For Money:Great Product Quality:Ok
592249106,15347304488,5497608,5,Best Feature:10/10 Value For Money:10/10 Product Quality:10/10
592249106,15347304488,69383364,5,Best Feature:10/10 Value For Money:10/10 Product Quality:10/10
592249106,15347304488,41700768,5,Value For Money:excellent Product Quality:good  worth it!
592249106,15347304488,924748564,5,Product Quality:10/10 Best Feature:10/10 Value For Money:9/10
592249106,15347304488,78399683,5,Good Quality na gustuhan ng asawa ko thankyou po‚ù§Ô∏è‚ù§Ô∏è‚ù§Ô∏è
592249106,15347304488,181009520,5,Thank you so much Seller solid maganda sulit sa price.
592249106,15347304488,550056430,5,"May panibagong basahan na naman si mama, emz HAHAHAHA 10/10 quality, ang bigat at rubberized para di dumulas. Salamat!"
592249106,15347304488,36394055,4,Great quality for the price! I hope this lasts a year.
592249106,15347304488,673165327,5,THANK YOU PO! DUMATING NA AGAD SYA! 110% GANDA NYA MAY FREE PANG CABLE PROTECTOR.!
592249106,15347304488,385154033,5,This is my third purchase of this product. Quality is so good.
592249106,15347304488,209493799,5,Ang ganda and halata na good quality. Wala akong pic nasa work ako now üòÇ
592249106,15347304488,230621336,5,Product Quality:10/10 Value For Money:10/10 Best Feature:10/10
592249106,15347304488,125006690,5,It was very good. Makapal siya compare sa ibang mousepad. Good job seller.
592249106,15347304488,382534207,5,Quality napakabilis ng shipped out .  naka Plastic pa Thankyou seller .
592249106,15347304488,258975373,5,Thank you. Affordable and ang ganda po ng quality üôÇ
592249106,15347304488,103901379,5,Value For Money:10/10 Product Quality:10/10 Best Feature:10/10
592249106,15347304488,276079395,4,"Good product, good quality and smooth yung pad mismo"
592249106,15347304488,79862839,5,Best Feature:Great quality  Thank u seller! Happy buyer here
592249106,15347304488,781425461,5,Best Feature:barabida omsim Product Quality:omsim  oki namn po hihe
592249106,15347304488,76244415,5,Product Quality:10/10 Value For Money:10/10 Best Feature:10/10
592249106,15347304488,257954506,5,Best Feature:color Value For Money:ok Product Quality:ok
592249106,15347304488,261630221,5,Best Feature:10/10 Product Quality:10/10 Value For Money:10/10
592249106,15347304488,220441965,5,Product Quality:excellent Value For Money:worth every peso
592249106,15347304488,701514728,4,iba yung dumating sakin si zoro inorder ko tapos picachu sa susunod paayos naman po.
592249106,15347304488,123928605,5,Value For Money:10 Best Feature:10 Product Quality:10  thanks :)
592249106,15347304488,535565438,5,Quality Content Pero Medyo mahaba pero Goods Pang Ikaw
592249106,15347304488,163102525,4,Photos not related .pero malambot sya  .iba kulay sa pic at actual
592249106,15347304488,348222801,5,"Best thing abt this one is they advertised this as an easy to clean one, and it really is!"
592249106,15347304488,146907265,5,Napakaganda ng item mo boss may kasama pang isang item hindi ko naman alam kung para saan hahaha
592249106,15347304488,699828883,5,it is good i recommend it i play my games without worrying about the end of my mousepad.
592249106,15347304488,18937889,5,Ang laki pala talaga akala ko sakto lang ang laki pero sobrang nagustohan ko talaga....thanks seller
592249106,15347304488,57439132,1,Wrong item pnadala..definitely will NOT order again!!
592249106,15347304488,211339988,5,Value For Money:ok Best Feature:ok Product Quality:ok
592249106,15347304488,194203737,5,Value For Money:10/10 Best Feature:100/10 Product Quality:100/10
592249106,15347304488,84164874,4,Best Feature:8.5 Value For Money:8.5 Product Quality:8.5
592249106,15347304488,173707586,5,"Best Feature:ang ganda ng mousepad n e2,, makapal sia üòä"
592249106,15347304488,307184259,5,ok naman sya.. mejo madlim pala sa actual yong kulay.
592249106,15347304488,305432216,5,Best Feature:10 Value For Money:10 Product Quality:10
592249106,15347304488,437326895,5,Product Quality:quality ang item Best Feature:di sye peke ahaha
592249106,15347304488,77700747,5,Product Quality:100% Value For Money:100 % Best Feature:100%
592249106,15347304488,140469415,1,doesn't really look like the pictures  looks misleading
592249106,15347304488,47019038,4,Best Feature:Msi datingan Value For Money:10/10 Product Quality:9/10
592249106,15347304488,400199179,5,Best Feature:ok  Maganda naman sya di halatang munurahin
592249106,15347304488,393566236,5,Best Feature:100% Value For Money:100% Product Quality:100%
592249106,15347304488,45207687,5,"Solid boy! Buy this one para sana sa PC ng pamankin ko kaso shiet, kaso sobrang ganda niya men! Kaya akin na to, bibilhan ko nalang ulit siya HAHAHA"
592249106,15347304488,294408019,5,Ang ganda sobra legit talaga sya bili na kayo guys kala ko maliit lang sobrang laki pala sulit talagaüòä
592249106,15347304488,211973620,5,Very nice....I like it very much... I will order again.....thank you shoppe... Thank you sellerüíïü•∞ü•∞ü•∞ü•∞ü•∞ü•∞ü•∞ü•∞ü•∞ü•∞ü•∞
592249106,15347304488,502327838,4,"What would I do without your smart mouth? Drawing me in and you kicking me out You've got my head spinning, no kidding I can't pin you down What's going on in that beautiful mind I'm on your magical mystery ride And I'm so dizzy, don't know what hit me But I'll be alright"
592249106,15347304488,189850329,5,Maganda ang quality solid. Mura pa
592249106,15347304488,87421707,5,Thank you selle well pack
592249106,15347304488,305716639,5,Product Quality:yes Value For Money:yes
592249106,15347304488,827260360,2,This is not the color I ordered.
592249106,15347304488,726830622,1,Mali yung item na dumating. Bwiset
592249106,15347304488,211972330,5,Ok nmn xa sa price nya
592249106,15347304488,56555852,4,Minions order ko iba ang dineliver
592249106,15347304488,738826018,5,Product Quality:good product Best Feature:classy
592249106,15347304488,291446865,5,Good quality at affordable price
592249106,15347304488,1013299673,4,Product Quality:good Value For Money:yes
592249106,15347304488,17703622,5,Product Quality:Nice Value For Money:Good
592249106,15347304488,217092607,5,Maganda. Solid din seller ang bait!
592249106,15347304488,299438570,5,Best Feature:smooth  Goods mahaba nga sya HAHAHA
592249106,15347304488,777170781,5,"Ganda ng quality, very satisfied ü•∞"
592249106,15347304488,85247145,5,ganda nung tahi nice product
592249106,15347304488,1124292483,5,Quality mousepad and very fast delivery!
592249106,15347304488,588433191,5,all goods maganda quality and makapal sya
592249106,15347304488,324014166,5,"makapal po, at ang ganda talaga ng quality ‚ù§Ô∏è"
592249106,15347304488,266010638,4,Bilis ng delivery. You get what u paid for
592249106,15347304488,143153063,5,Product Quality:Backlit colour is good  Good buy!
592249106,15347304488,94349564,4,Product Quality:sobra ganda the best sa lahat
592249106,15347304488,211168556,5,Super ganda! Worth it for the price
592249106,15347304488,30202429,5,"Best Feature:Ganda quality nya, i love it."
592249106,15347304488,230254373,3,Quality ng print medyo hindi malinaw..
592249106,15347304488,65770973,5,Mousepad is legit and high quality
592249106,15347304488,222682950,5,Sobrang sulit sobrang ganda ng quality
592249106,15347304488,584461354,5,I received Good Quality thank you!
592249106,15347304488,636110756,5,Nice quality. Ganda. Thanks seller
592249106,15347304488,857041641,5,"Very nice, sulit yung bayad"
592249106,15347304488,74114923,5,Thank you so much seller and shopee sobrang goods at maganda thank you
592249106,15347304488,257959959,5,"Ganda SULIT , MAY FREE PANG ADDITIONAL HEHE USEFUL NA FREE THANKS SELLER"
592249106,15347304488,330287423,5,I like the product. Makapal sya.
592249106,15347304488,115833539,4,Malabo ang print Pero panalo sa haba and kapal.
592249106,15347304488,409185165,3,Ok naman Pero iba ang actual color sa pics
592249106,15347304488,164854665,5,Very nice product i like it thank you seller
592249106,15347304488,207949094,5,Best Feature:Anganda gaizzz GRABEEE BILI NA KAYO
592249106,15347304488,140153563,1,kulang yung order ko. sayang shipping fee.
592249106,15347304488,292115739,4,Wrong item received pero maganda naman sya
592249106,15347304488,899482671,1,The mouse is defective totally not working.
592249106,15347304488,290841831,3,I received a wrong mousepad
592249106,15347304488,116208558,5,nice product makapal at matibay
592249106,15347304488,13485817,5,"Ganda ng product, in fairness."
592249106,15347304488,60998144,5,Product Quality:very good for quality
592249106,15347304488,185558853,5,Thank you seller
592249106,15347304488,37028106,5,Nice üòç
592249106,15347304488,315521398,5,Ganda!
592249106,15347304488,598500548,5,maganda xa at mahaba.. nakaka insecure!
592249106,15347304488,459319848,5,"Ang ganda, at ang mura pa sulit talaga thank you seller and sa riderüòä"
592249106,15347304488,100589728,5,"Just because something is going to break in the end, doesn't mean that it can't have an affect that lasts into the future. Joy. Wonder. Laughter. Hope. The world can be better because of what you built in the past. -Tom Scott"
592249106,15347304488,299318382,5,Product Quality:magandaaaaaa
592249106,15347304488,313968126,5,Product Quality:Good quality
592249106,15347304488,860689959,5,Good quality
592249106,15347304488,13753744,5,Gandaüòç
592249106,15347304488,50387103,5,Goods naman sana magtagal
592249106,15347304488,336831529,5,Qualityüëåüëåüëå
592249106,15347304488,321678535,5,Good
592249106,15347304488,500484737,5,Product Quality:100%  Thank you.
592249106,15347304488,835238669,5,Maganda po
592249106,15347304488,38313371,5,Ayos sya . good na good üëå
592249106,15347304488,48999806,5,Ganda. Thank you.
592249106,15347304488,349199687,5,Solid mga idol
592249106,15347304488,77777824,5,Masarap sa kamay
592249106,15347304488,124637858,5,Ganda pang office ni mrs at pang gaming ko
592249106,15347304488,212326479,5,Sakop buong bahay
592249106,15347304488,263255607,5,maganda
592249106,15347304488,478712490,5,Good product
592249106,15347304488,42732959,5,"What about your promises, promises? What about your promises, promises, promises? No What a shame Didn't want to be the one that got away, yeah Big mistake, you broke the sweetest promise That you never should have made I'm here on the kitchen floor You call, but I won't hear it You said no one else"
592249106,15347304488,164161473,4,"There I was again tonight Forcing laughter, faking smiles Same old tired, lonely place Walls of insincerity, shifting eyes and vacancy"
592249106,15347304488,71153887,5,Ganda pooooooo. Thank youuuuu so muchhhhhhhhhhhh po.  Stay safe people. Peace around. The world and on its axis. Love love
592249106,15347304488,198071670,5,"Maganda po sya at sobrang laki pwedeng pwede patungan ng keyboard at mouse, kumportable sa kamay at braso. salamat po."
592249106,15347304488,494772688,5,Maganda sobra huhu firstime kolang umorder sobrang ganda
592249106,15347304488,340238409,5,Ayus ang ganda saka nag lambot sa kamay kasarap mag computer
592249106,15347304488,712528507,5,ANg gandaaa ü•∞Magugustuhan to ng jowa KOüòÅ thank you po üòäü•∞ü•∞ü•∞ü•∞
592249106,15347304488,41957494,5,"Thank you, the kids loved it.  Thanks for the freebie"
592249106,15347304488,295166730,5,"Product Quality:üíØ Best Feature:üíØ Value For Money:üíØ  I love the texture and the quality is great for its price. I plan to collect kaws, good thing, I found this. Fastest delivery too as I received it in less than 20hrs after checkout! üëåüëåüëåüíØüíØüíØ"
592249106,15347304488,124301736,5,"Best Feature:Thickness Value For Money:bang for the buck Product Quality:superb quality  shipped and delivery only took two days,packaging can be improve but i can say nothing about the quality of the product, its thick and looks amazing, thank you and will orser again from your shop"
592249106,15347304488,1033360848,5,Product Quality:ok Value For Money:goos Best Feature:moce  Rejoicing in hope; patient in tribulation;continuing instant in prayer(Roman's 12:12)...thank you Lord for giving us a second chance batid nyo po ang pagkukulang nmin sa inyo ngunit salamat muli sa panibagong opportunity n ipinagkaloob nyo...
592249106,15347304488,1164685721,5,"Value For Money:Affordable Product Quality:Decent Best Feature:Excellent  My first ever extended mouse pad, unique design and the quality is decent for me. The texture is smooth and comfortable. Thank You Seller!"
592249106,15347304488,812416819,5,Best Feature:durable Product Quality:awesome Value For Money:yes  Item is good
592249106,15347304488,1069553732,5,"Thumbs up sa product since nagustuhan ko talaga! Thank you so much Seller!   Ps. Video not related, for coin's purposes only."
592249106,15347304488,351243620,5,Best Feature:good Value For Money:good Product Quality:good
592249106,15347304488,2544193,5,"All items came in good physical condition üòäüòÄ Ganda at a reasonable price extended mouse pad. Well packed üì¶ din ni seller üéâ Fast Shipped üöõ din ni seller ü§ó Thanks Shopee, Seller and Courier! Thumbs up üëç üíØ"
592249106,15347304488,132239201,5,Nice quality Thank you!
592249106,15347304488,486069772,5,Good quality üëå
592249106,15347304488,317108532,5,Product Quality:good quality
592249106,15347304488,537367196,5,Good quality beautiful
592249106,15347304488,548676868,5,Salamat seller üíØ
592249106,15347304488,99142661,5,"Okay naman po, thanks"
592249106,15347304488,229752719,5,Maganda
592249106,15347304488,238271813,5,very niceüëçüëçüëçüëçüëçüíØüíØüíØ
592249106,15347304488,233703384,5,Its Very good and BIG
592249106,15347304488,43893666,5,Ganda nya po sobra ‚ù§Ô∏è
592249106,15347304488,165822147,5,Supeerrrr bet ko . Angandaaaaaaü•∞ü•∞ü•∞ü•∞
592249106,15347304488,74508010,5,Ganda thank u
592249106,15347304488,703170794,5,Gonna order again
592249106,15347304488,765666228,5,Excellent
592249106,15347304488,174809786,5,Thank you‚ò∫Ô∏è
592249106,15347304488,59195778,5,"Good quality, fast shipped"
592249106,15347304488,543656109,5,Best Feature:good Product Quality:good
592249106,15347304488,480132192,5,Good quality.  Nice print!
592249106,15347304488,279085866,5,Product Quality:makapal at malapad
592249106,15347304488,234542891,5,Great product. Excellent quality!
592249106,15347304488,282092761,5,Good quality üíó
592249106,15347304488,54567437,5,Best Feature:smooth
592249106,15347304488,397635319,5,Product Quality:Good quality pramis
592249106,15347304488,577734612,5,Product Quality:Good quality
592249106,15347304488,16064768,5,Very good quality
592249106,15347304488,858498041,5,Product Quality:Maganda. Makapal. Malambot
592249106,15347304488,77554784,5,Good quality
592249106,15347304488,210807002,5,Nice quality thank you‚ù§Ô∏è‚ù§Ô∏è‚ù§Ô∏è
592249106,15347304488,595583340,5,Best Feature:it's super nice
592249106,15347304488,495023462,5,very good quality :)
592249106,15347304488,817666760,5,Sobrang ganda ng quality!
592249106,15347304488,116856031,5,Best Feature:Great design!
592249106,15347304488,19306428,5,Best Feature:10  Solid
592249106,15347304488,330955518,5,Panalo yung Quality
592249106,15347304488,222195679,5,Super nice quality
592249106,15347304488,723421381,5,GOOD QUALITY
592249106,15347304488,269859163,5,Ganda quality
592249106,15347304488,36081183,5,Good quality
592249106,15347304488,142917181,5,Product Quality:good
592249106,15347304488,263738530,5,Product Quality:Great
592249106,15347304488,208946539,5,Nice quality
592249106,15347304488,120509361,5,Fast delivery
592249106,15347304488,48676237,5,Good quality
592249106,15347304488,297858460,5,Its so nice napaka ganda salamat seller‚ù§Ô∏è
592249106,15347304488,382948720,5,Angasüî•. salamat din sa delivery riderüíö
592249106,15347304488,309437401,5,SOLID BABHAHAHAH
592249106,15347304488,253982998,5,Maganda
592249106,15347304488,554088866,5,all goods naman po
592249106,15347304488,197529928,5,thx po subrang ganda
592249106,15347304488,165343645,5,Ganda üëç
592249106,15347304488,178581051,5,Very nice!
592249106,15347304488,73840240,5,Goods namanüí¢üí¢
592249106,15347304488,969059706,4,Goods smooth tsaka masarap
592249106,15347304488,105920769,5,Sobrang Gandaa Thankyouuusomuch seller ‚ô•Ô∏è
592249106,15347304488,138949438,3,Not as big as I thought it would be but it's good
592249106,15347304488,864594339,5,okay na okay. ang mura pa.
592249106,15347304488,15279164,5,my husband and my son loved it... ü§óü•∞ thank you
592249106,15347304488,1046684608,5,Nice very3x Nice!
592249106,15347304488,309048290,5,"ganda daw sabe ng bf ko hehe, ty!"
592249106,15347304488,90767589,3,Damaged from shipping
592249106,15347304488,93857222,5,May pa freebie si seller :) Thanks po
592249106,15347304488,343633976,5,101% satisfied.üëçüèΩ
592249106,15347304488,844827138,5,What you see is what you get.
592249106,15347304488,232883523,5,Ganda. My 2nd order. Thank you seller
592249106,15347304488,221972631,5,"Ok na ok, singkapal ng Ex mo."
592249106,15347304488,189373649,5,Best Feature:Goods na Goods
592249106,15347304488,39447874,5,Ganda Ng mouse pad.
592249106,15347304488,366792351,4,Nice
592249106,15347304488,113493871,5,salamat po ang ganda nya üíØüíØüíØüíØ
592249106,15347304488,263162129,5,I love it much thank you
592249106,15347304488,331782181,5,"Good product, worth it..."
592249106,15347304488,539741728,5,Didn't expect it to be cool.
592249106,15347304488,52414206,5,Goods
592249106,15347304488,1015853653,5,Good‚Äôs
592249106,15347304488,495606749,5,Maganda at mabilis mag ship  üëçüëçüëç
592249106,15347304488,202891324,5,Quality item
592249106,15347304488,9730797,5,Thank you sa free üòä
592249106,15347304488,108013313,5,nice
592249106,15347304488,296670239,5,Very cool n fast üëç
592249106,15347304488,351241869,5,Best Feature:Material Product Quality:10/10
592249106,15347304488,58634661,5,Approved. Will order again soon
592249106,15347304488,950436244,5,Product Quality:100/10
592249106,15347304488,104362456,5,Maganda
592249106,15347304488,277979984,5,THANKYOUUUU SOOOO MUUUCCCH ü•∞
592249106,15347304488,123566399,5,"Ganda po, thank you"
592249106,15347304488,261435589,5,Sobrang ganda po niya
592249106,15347304488,86844768,5,"Makapal yung mousepad, goods"
592249106,15347304488,52806507,5,"It's thicc, it's nice"
592249106,15347304488,290682178,5,Best Feature:quality product üëå
592249106,15347304488,98181195,1,isang item lang dumating.wow
592249106,15347304488,621345862,5,best buy.. maganda sia
592249106,15347304488,153259265,5,so cool recommended üíñ
592249106,15347304488,599489981,5,Ayos na ayos po
592249106,15347304488,707848866,5,ganda
592249106,15347304488,281648406,5,Ang ganda üòÆ
592249106,15347304488,103393348,5,Mganda po thankyou‚ô•Ô∏è
592249106,15347304488,60897916,5,Will order again
592249106,15347304488,28987324,5,very nice :)'
592249106,15347304488,180005880,5,I love it.
592249106,15347304488,97005936,5,Maganda tnx po
592249106,15347304488,450991478,5,Good
592249106,15347304488,282369243,5,Ganda legit haba!
592249106,15347304488,474723076,5,Maganda at quality
592249106,15347304488,800655061,5,It was good
592249106,15347304488,659667767,5,Thank You Seller
592249106,15347304488,315484987,5,Ganda nya pareh
592249106,15347304488,277253388,5,ok naman
592249106,15347304488,172566230,5,ok nmn
592249106,15347304488,236834534,4,Best Feature:Smelly
592249106,15347304488,653347911,5,very nice
592249106,15347304488,186229622,5,very satisfied
592249106,15347304488,498094651,5,Great!
592249106,15347304488,255519663,5,Super ganda.
592249106,15347304488,771423703,5,Maganda. ‚ù§Ô∏è
592249106,15347304488,68063086,5,Nice
592249106,15347304488,178842026,5,Nice item
592249106,15347304488,151451117,5,Very nice
592249106,15347304488,305321323,5,5 star
592249106,15347304488,517837734,5,Nice item
592249106,15347304488,106136920,5,Nays Wan
592249106,15347304488,308624160,5,LEGIT !
592249106,15347304488,148852512,5,Maganda sya
592249106,15347304488,526356640,5,So good
592249106,15347304488,314366749,4,Very good
592249106,15347304488,210946688,5,Good q
592249106,15347304488,722414786,5,nice
592249106,15347304488,587073436,3,great
592249106,15347304488,124734756,5,Congrats
592249106,15347304488,74118828,5,Ty
592249106,15347304488,42330664,5,Ok
592249106,15347304488,319859041,5,Maganda
592249106,15347304488,16669066,5,Nc
592249106,15347304488,165141402,5,nice
592249106,15347304488,219559236,5,ayos
592249106,15347304488,296527029,5,Maganda
592249106,15347304488,466030826,5,solid
592249106,15347304488,520330055,5,Salamat
592249106,15347304488,690089886,5,Thanks
592249106,15347304488,700001001,5,Nice
592249106,15347304488,919238294,5,Good
592249106,15347304488,213007967,5,4z
592249106,15347304488,64590806,5,H
